Nombre,Precio,Calificación
Aud√≠fonos in-ear inal√°mbricos Bluetooth F9-5 negro,16.326,4.4
"Audifonos Jbl Tune 520, On Ear color negro",299.900,4.8
Audifonos Diadema Jbl Tune 520bt Bluetooth Mas De 50 Horas Color Negro,206.125,4.8
Aud√≠fonos Lenovo GM2 Pro,68.200,No rating
Aud√≠fonos Inal√°mbricos Redmi Buds 4 Lite Bluetooth 5.3 Color Blanco,70.590,4.4
Aud√≠fonos Inal√°mbricos M10 Tws Touch T√°ctil Color Negro Color de la luz Rojo y Azul,17.044,4.1
Auriculares Jbl Tune Flex Bluetooth Cancelaci√≥n Ruido 32hs Color Negro ,351.900,4.7
AirPods Pro (2¬™ generaci√≥n) 1.1,140.000,4.8
Aud√≠fono Recargable Digital Sin Bluetooth Sordos Sordera,82.700,4.5
Aud√≠fonos In-ear Inal√°mbricos Bluetooth Deportivos T17 Tws,115.000,4.5
Aud√≠fonos Inal√°mbricos Xiaomi Redmi Buds 4 Lite Originales Color Negro,86.500,4.2
Aud√≠fonos in-ear gamer inal√°mbricos Lenovo ThinkPlus GM2 PRO blanco con luz LED,52.600,4.6
Aud√≠fonos inal√°mbricos Lenovo X4 negro ,116.200,4.3
Audifonos 3ra Generaci√≥n Oem Compatible Con iPhone Y Android Color Blanco Luz Verde,59.900,4.6
Aud√≠fonos Xiaomi Redmi Buds 5 Pro Midnight Black Color Negro,316.400,4.7
Aud√≠fonos in-ear gamer inal√°mbricos TWS F9-5 BTH-F9-5 negro con luz  verde LED,17.505,4.4
Auriculares Inal√°mbricos Xiaomi Redmi Buds 5 Tactil 40hs Color Negro,192.400,No rating
Aud√≠fonos Sony Noise Cancelling Bluetooth Hi-res Wh-1000xm4 Color Negro ,1.809.902,No rating
Aud√≠fonos Pro 6 Inalambricos 1:1 Bluetooth Binaural,69.900,No rating
Aud√≠fonos Inal√°mbricos Tws Air39 Bluetooth Dise√±o Ergon√≥mico,70.000,No rating
Aud√≠fonos Internos Inal√°mbricos Wi-c100 Color Negro,149.900,4.7
Xiaomi Redmi Buds 5 Anc Bluetooth 5.3 Audifonos Blanco,157.707,4.8
Aud√≠fonos Xiaomi Redmi Buds 5 Pro Moonlight White Color Blan Color Blanco,303.500,No rating
Audifono Xiaomi Redmi Buds 4 Active Bluetooth 5.3 Negro,86.024,4.5
Audifonos Magneticos Lenovo He05 Deportivos - Negro,120.100,4.2
Audifonos In Ear Manos Libres 3.5mm 1hora Aut117 Color Negro,11.900,4.5
Aud√≠fonos in-ear inal√°mbricos 1Hora Bluetooth AUT205 negro con luz LED,59.990,4.6
Aud√≠fonos gamer inal√°mbricos Samsung Galaxy Buds2 Pro SM-R510 bora purple con luz LED,849.900,4.8
Aud√≠fonos Inal√°mbricos Wh-ch520 Color Negro,299.900,4.9
Audifonos Inalambricos Bluetooth Gamer Deportivos M25 Tws 9d Color Negro,39.900,4.1
Audifonos Pro 2¬™ Gen Compatibles Con iPhone Y Android,63.267,4.6
Aud√≠fonos In-ear Bluetooth Auriculares 1hora Aut119 Color Negro,45.063,4.7
Aud√≠fonos Inal√°mbricos Lenovo Ht38 Tws Bluetooth 5.0,47.900,4.6
Audifonos Pro Inalambricos Bluetooth Estuche Recarga Color 0,89.990,4.0
Aud√≠fonos Inal√°mbricos Gamer Lenovo Gm2 Pro,57.300,4.7
Audifonos Inalambricos Gamer Lenovo Th10  8 Horas Duracion,90.000,4.5
"Logitech G435, Diadema Gamer Inal√°mbrica + Bt / Pc, Ps5 - Ne Color Negro/Amarillo fluorescente",509.000,4.7
AirPods con estuche de carga (2da generaci√≥n) - Blanco,574.900,4.9
"Xiaomi Redmi Buds 4 Lite, Aud√≠fonos T√°ctil Bluetooth 5.3 Wh Color Blanco",105.883,4.2
Aud√≠fonos Sony True Wireless Earbuds | WF-C500 Color Negro,439.900,4.7
Aud√≠fonos in-ear inal√°mbricos VOHZ Bluetooth Connect F9-5 blanco con luz LED,24.000,No rating
Aud√≠fonos Inal√°mbricos 1hora AUT114 | Bluetooth Color Negro,48.100,4.7
Realme Buds Air 5 Pro Color Crema Color Blanco Color de la luz Verde,394.591,4.8
Aud√≠fonos Sony Noise Cancelling Bluetooth Hi-res Wh-1000xm4 Color Azul,1.809.902,4.9
Apple AirPods (3¬™¬†generaci√≥n) con¬†estuche de¬†carga Lightning,759.900,4.9
Aud√≠fonos Inal√°mbrico 1hora Aut119b Blanco,68.900,4.7
"Auriculares compatibles con iPhone AirPods Pro de tercera generaci√≥n Premium Line, color blanco",60.001,4.6
Aud√≠fonos Inal√°mbricos Conducci√≥n √ìsea Lenovo Thinkplus X3 Pro,85.600,4.4
Aud√≠fonos in-ear gamer inal√°mbricos Xiaomi Redmi Buds 4 Pro M2132E1 midnight black,320.900,4.7
Aud√≠fonos in-ear gamer inal√°mbricos Huawei Audio Freebuds SE 2 ULC-CT010 blanco con luz LED,161.214,4.8
Auriculares Redmi Buds 5 Pro Aurora Purple,259.995,No rating
Aud√≠fonos In-ear Inal√°mbricos Bluetooth 1hora Aut206 Color Blanco,39.900,4.6
Aud√≠fonos Inal√°mbricos Con Noise Cancelling Wh-ch720n Color Negro ,799.900,4.9
Aud√≠fonos in-ear inal√°mbricos Apple Apple Airpods Pro 2nd generation MTJV3AM/A blanco,990.000,5.0
